age_group,num_policies,avg_claims_per_policy,total_claims_amount,total_premiums,loss_ratio
18-29,206,0.10679611650485436,197051.91999999998,243988.17,0.8076289928319065
30-39,140,0.2,227084.13,167289.3,1.3574336792610169
40-49,164,0.1402439024390244,170900.05,194357.2,0.8793090762781105
50-59,161,0.10559006211180125,98429.42,187922.7,0.5237761058137201
60-69,175,0.18285714285714286,171163.88,203295.0,0.8419483017290145
70+,154,0.16883116883116883,145466.19,181392.51,0.8019415465390495
