car_type,num_policies,total_claims,total_premiums,loss_ratio,total_claims_count
Sports,109,254440.57,132460.19,1.9208833235102563,37
Truck,198,204420.19,236849.82,0.8630793555173485,33
Sedan,401,361483.08,476272.33,0.7589840039626069,51
SUV,292,189751.75,343244.71,0.5528176967388659,27
